content_id,text,tags_of_content
1,lorem ipsum Straw,['Straw']
2,lorem ipsum Wrapper,['Wrapper']
3,"lorem ipsum Wrapper, Can, Cartoon","['Wrapper', 'Can', 'Cartoon']"
4,"lorem ipsum Bottle, Paper","['Bottle', 'Paper']"
5,"lorem ipsum Paper, Straw, Bottle","['Paper', 'Straw', 'Bottle']"
6,"lorem ipsum Bottle Cap, Straw","['Bottle Cap', 'Straw']"
7,"lorem ipsum Bottle Cap, Plastic Bag, Paper","['Bottle Cap', 'Plastic Bag', 'Paper']"
8,"lorem ipsum Wrapper, Straw","['Wrapper', 'Straw']"
9,lorem ipsum Plastic Bag,['Plastic Bag']
10,"lorem ipsum Straw, Paper, Aluminium Foil","['Straw', 'Paper', 'Aluminium Foil']"
11,lorem ipsum Aluminium Foil,['Aluminium Foil']
12,lorem ipsum Wrapper,['Wrapper']
13,"lorem ipsum Can, Cartoon, Plastic Bag","['Can', 'Cartoon', 'Plastic Bag']"
14,"lorem ipsum Plastic Bag, Straw, Paper","['Plastic Bag', 'Straw', 'Paper']"
15,lorem ipsum Bottle Cap,['Bottle Cap']
16,"lorem ipsum Wrapper, Plastic Bag, Paper","['Wrapper', 'Plastic Bag', 'Paper']"
17,"lorem ipsum Wrapper, Aluminium Foil, Bottle","['Wrapper', 'Aluminium Foil', 'Bottle']"
18,"lorem ipsum Plastic Bag, Bottle Cap","['Plastic Bag', 'Bottle Cap']"
19,"lorem ipsum Bottle, Cartoon","['Bottle', 'Cartoon']"
20,"lorem ipsum Wrapper, Cup, Bottle","['Wrapper', 'Cup', 'Bottle']"
21,"lorem ipsum Straw, Wrapper, Plastic Bag","['Straw', 'Wrapper', 'Plastic Bag']"
22,"lorem ipsum Cup, Bottle Cap, Bottle","['Cup', 'Bottle Cap', 'Bottle']"
23,"lorem ipsum Cartoon, Straw, Aluminium Foil","['Cartoon', 'Straw', 'Aluminium Foil']"
24,lorem ipsum Plastic Bag,['Plastic Bag']
25,lorem ipsum Bottle,['Bottle']
26,"lorem ipsum Wrapper, Aluminium Foil","['Wrapper', 'Aluminium Foil']"
27,"lorem ipsum Plastic Bag, Paper, Can","['Plastic Bag', 'Paper', 'Can']"
28,"lorem ipsum Paper, Cartoon","['Paper', 'Cartoon']"
29,"lorem ipsum Straw, Paper","['Straw', 'Paper']"
30,"lorem ipsum Wrapper, Bottle, Aluminium Foil","['Wrapper', 'Bottle', 'Aluminium Foil']"
31,"lorem ipsum Bottle Cap, Can, Plastic Bag","['Bottle Cap', 'Can', 'Plastic Bag']"
32,lorem ipsum Wrapper,['Wrapper']
33,"lorem ipsum Wrapper, Can, Cartoon","['Wrapper', 'Can', 'Cartoon']"
34,"lorem ipsum Aluminium Foil, Paper, Plastic Bag","['Aluminium Foil', 'Paper', 'Plastic Bag']"
35,lorem ipsum Cartoon,['Cartoon']
36,"lorem ipsum Plastic Bag, Bottle, Paper","['Plastic Bag', 'Bottle', 'Paper']"
37,"lorem ipsum Cup, Plastic Bag, Cartoon","['Cup', 'Plastic Bag', 'Cartoon']"
38,lorem ipsum Aluminium Foil,['Aluminium Foil']
39,lorem ipsum Paper,['Paper']
40,"lorem ipsum Cup, Cartoon","['Cup', 'Cartoon']"
41,"lorem ipsum Can, Straw","['Can', 'Straw']"
42,"lorem ipsum Cartoon, Can","['Cartoon', 'Can']"
43,"lorem ipsum Bottle, Wrapper, Aluminium Foil","['Bottle', 'Wrapper', 'Aluminium Foil']"
44,"lorem ipsum Paper, Cartoon","['Paper', 'Cartoon']"
45,"lorem ipsum Bottle Cap, Cartoon","['Bottle Cap', 'Cartoon']"
46,"lorem ipsum Bottle, Wrapper, Cartoon","['Bottle', 'Wrapper', 'Cartoon']"
47,"lorem ipsum Paper, Bottle","['Paper', 'Bottle']"
48,"lorem ipsum Wrapper, Cartoon","['Wrapper', 'Cartoon']"
49,"lorem ipsum Can, Cartoon","['Can', 'Cartoon']"
50,"lorem ipsum Can, Plastic Bag, Bottle","['Can', 'Plastic Bag', 'Bottle']"
51,"lorem ipsum Bottle Cap, Wrapper","['Bottle Cap', 'Wrapper']"
52,"lorem ipsum Bottle, Paper, Cartoon","['Bottle', 'Paper', 'Cartoon']"
53,lorem ipsum Straw,['Straw']
54,lorem ipsum Straw,['Straw']
55,"lorem ipsum Bottle Cap, Wrapper, Plastic Bag","['Bottle Cap', 'Wrapper', 'Plastic Bag']"
56,"lorem ipsum Cartoon, Plastic Bag","['Cartoon', 'Plastic Bag']"
57,"lorem ipsum Wrapper, Cartoon","['Wrapper', 'Cartoon']"
58,"lorem ipsum Aluminium Foil, Straw","['Aluminium Foil', 'Straw']"
59,"lorem ipsum Can, Cartoon","['Can', 'Cartoon']"
60,"lorem ipsum Cup, Plastic Bag","['Cup', 'Plastic Bag']"
61,"lorem ipsum Can, Bottle Cap, Cartoon","['Can', 'Bottle Cap', 'Cartoon']"
62,"lorem ipsum Wrapper, Cup","['Wrapper', 'Cup']"
63,"lorem ipsum Cartoon, Wrapper","['Cartoon', 'Wrapper']"
64,lorem ipsum Plastic Bag,['Plastic Bag']
65,"lorem ipsum Bottle, Cup, Plastic Bag","['Bottle', 'Cup', 'Plastic Bag']"
66,lorem ipsum Cartoon,['Cartoon']
67,"lorem ipsum Paper, Aluminium Foil, Bottle","['Paper', 'Aluminium Foil', 'Bottle']"
68,"lorem ipsum Can, Wrapper","['Can', 'Wrapper']"
69,"lorem ipsum Can, Cartoon, Bottle","['Can', 'Cartoon', 'Bottle']"
70,"lorem ipsum Plastic Bag, Straw","['Plastic Bag', 'Straw']"
71,"lorem ipsum Bottle, Paper","['Bottle', 'Paper']"
72,"lorem ipsum Can, Paper, Bottle Cap","['Can', 'Paper', 'Bottle Cap']"
73,lorem ipsum Bottle Cap,['Bottle Cap']
74,"lorem ipsum Cup, Wrapper","['Cup', 'Wrapper']"
75,lorem ipsum Cup,['Cup']
76,"lorem ipsum Plastic Bag, Can, Cup","['Plastic Bag', 'Can', 'Cup']"
77,"lorem ipsum Straw, Wrapper, Paper","['Straw', 'Wrapper', 'Paper']"
78,lorem ipsum Paper,['Paper']
79,"lorem ipsum Can, Cartoon","['Can', 'Cartoon']"
80,lorem ipsum Cartoon,['Cartoon']
81,lorem ipsum Wrapper,['Wrapper']
82,lorem ipsum Cartoon,['Cartoon']
83,"lorem ipsum Cartoon, Paper, Straw","['Cartoon', 'Paper', 'Straw']"
84,"lorem ipsum Aluminium Foil, Bottle Cap","['Aluminium Foil', 'Bottle Cap']"
85,"lorem ipsum Aluminium Foil, Straw","['Aluminium Foil', 'Straw']"
86,"lorem ipsum Aluminium Foil, Bottle","['Aluminium Foil', 'Bottle']"
87,"lorem ipsum Paper, Bottle Cap","['Paper', 'Bottle Cap']"
88,"lorem ipsum Wrapper, Cup, Aluminium Foil","['Wrapper', 'Cup', 'Aluminium Foil']"
89,"lorem ipsum Cup, Straw, Plastic Bag","['Cup', 'Straw', 'Plastic Bag']"
90,lorem ipsum Wrapper,['Wrapper']
91,lorem ipsum Can,['Can']
92,lorem ipsum Aluminium Foil,['Aluminium Foil']
93,"lorem ipsum Straw, Paper, Cartoon","['Straw', 'Paper', 'Cartoon']"
94,lorem ipsum Bottle,['Bottle']
95,"lorem ipsum Plastic Bag, Can","['Plastic Bag', 'Can']"
96,"lorem ipsum Plastic Bag, Aluminium Foil, Straw","['Plastic Bag', 'Aluminium Foil', 'Straw']"
97,lorem ipsum Cartoon,['Cartoon']
98,"lorem ipsum Bottle Cap, Cartoon","['Bottle Cap', 'Cartoon']"
99,"lorem ipsum Wrapper, Straw, Bottle","['Wrapper', 'Straw', 'Bottle']"
100,"lorem ipsum Cup, Cartoon","['Cup', 'Cartoon']"
101,"lorem ipsum Cartoon, Aluminium Foil, Can","['Cartoon', 'Aluminium Foil', 'Can']"
102,"lorem ipsum Straw, Bottle","['Straw', 'Bottle']"
103,"lorem ipsum Aluminium Foil, Cup","['Aluminium Foil', 'Cup']"
104,lorem ipsum Straw,['Straw']
105,lorem ipsum Wrapper,['Wrapper']
106,lorem ipsum Cartoon,['Cartoon']
107,lorem ipsum Paper,['Paper']
108,lorem ipsum Bottle,['Bottle']
109,lorem ipsum Bottle,['Bottle']
110,lorem ipsum Plastic Bag,['Plastic Bag']
111,"lorem ipsum Cup, Can, Wrapper","['Cup', 'Can', 'Wrapper']"
112,lorem ipsum Bottle,['Bottle']
113,"lorem ipsum Bottle Cap, Can, Cartoon","['Bottle Cap', 'Can', 'Cartoon']"
114,lorem ipsum Plastic Bag,['Plastic Bag']
115,lorem ipsum Cup,['Cup']
116,lorem ipsum Cup,['Cup']
117,lorem ipsum Straw,['Straw']
118,lorem ipsum Bottle,['Bottle']
119,lorem ipsum Plastic Bag,['Plastic Bag']
120,"lorem ipsum Bottle Cap, Paper","['Bottle Cap', 'Paper']"
121,"lorem ipsum Bottle, Wrapper","['Bottle', 'Wrapper']"
122,"lorem ipsum Cup, Cartoon, Aluminium Foil","['Cup', 'Cartoon', 'Aluminium Foil']"
123,"lorem ipsum Aluminium Foil, Can","['Aluminium Foil', 'Can']"
124,"lorem ipsum Cup, Can","['Cup', 'Can']"
125,lorem ipsum Can,['Can']
126,"lorem ipsum Wrapper, Aluminium Foil, Paper","['Wrapper', 'Aluminium Foil', 'Paper']"
127,"lorem ipsum Bottle Cap, Aluminium Foil, Wrapper","['Bottle Cap', 'Aluminium Foil', 'Wrapper']"
128,"lorem ipsum Straw, Wrapper, Plastic Bag","['Straw', 'Wrapper', 'Plastic Bag']"
129,"lorem ipsum Plastic Bag, Cartoon, Bottle Cap","['Plastic Bag', 'Cartoon', 'Bottle Cap']"
130,"lorem ipsum Bottle, Plastic Bag","['Bottle', 'Plastic Bag']"
131,lorem ipsum Wrapper,['Wrapper']
132,"lorem ipsum Cup, Paper","['Cup', 'Paper']"
133,"lorem ipsum Plastic Bag, Can, Bottle","['Plastic Bag', 'Can', 'Bottle']"
134,"lorem ipsum Aluminium Foil, Bottle","['Aluminium Foil', 'Bottle']"
135,lorem ipsum Cartoon,['Cartoon']
136,lorem ipsum Cup,['Cup']
137,lorem ipsum Wrapper,['Wrapper']
138,"lorem ipsum Paper, Bottle, Aluminium Foil","['Paper', 'Bottle', 'Aluminium Foil']"
139,lorem ipsum Straw,['Straw']
140,"lorem ipsum Aluminium Foil, Can, Wrapper","['Aluminium Foil', 'Can', 'Wrapper']"
141,lorem ipsum Bottle Cap,['Bottle Cap']
142,"lorem ipsum Wrapper, Aluminium Foil","['Wrapper', 'Aluminium Foil']"
143,"lorem ipsum Bottle Cap, Can, Aluminium Foil","['Bottle Cap', 'Can', 'Aluminium Foil']"
144,lorem ipsum Straw,['Straw']
145,"lorem ipsum Cup, Paper, Bottle","['Cup', 'Paper', 'Bottle']"
146,"lorem ipsum Cartoon, Can, Bottle","['Cartoon', 'Can', 'Bottle']"
147,"lorem ipsum Bottle Cap, Aluminium Foil, Cartoon","['Bottle Cap', 'Aluminium Foil', 'Cartoon']"
148,"lorem ipsum Can, Plastic Bag, Bottle","['Can', 'Plastic Bag', 'Bottle']"
149,"lorem ipsum Can, Cartoon","['Can', 'Cartoon']"
150,lorem ipsum Wrapper,['Wrapper']
151,lorem ipsum Wrapper,['Wrapper']
152,"lorem ipsum Bottle, Aluminium Foil, Plastic Bag","['Bottle', 'Aluminium Foil', 'Plastic Bag']"
153,lorem ipsum Bottle Cap,['Bottle Cap']
154,"lorem ipsum Bottle, Cartoon, Bottle Cap","['Bottle', 'Cartoon', 'Bottle Cap']"
155,lorem ipsum Bottle Cap,['Bottle Cap']
156,lorem ipsum Paper,['Paper']
157,"lorem ipsum Bottle, Can, Wrapper","['Bottle', 'Can', 'Wrapper']"
158,"lorem ipsum Aluminium Foil, Can, Bottle Cap","['Aluminium Foil', 'Can', 'Bottle Cap']"
159,"lorem ipsum Plastic Bag, Can","['Plastic Bag', 'Can']"
160,"lorem ipsum Paper, Bottle","['Paper', 'Bottle']"
161,"lorem ipsum Can, Bottle Cap, Cartoon","['Can', 'Bottle Cap', 'Cartoon']"
162,"lorem ipsum Aluminium Foil, Plastic Bag, Cartoon","['Aluminium Foil', 'Plastic Bag', 'Cartoon']"
163,"lorem ipsum Can, Straw, Cup","['Can', 'Straw', 'Cup']"
164,"lorem ipsum Straw, Plastic Bag, Cup","['Straw', 'Plastic Bag', 'Cup']"
165,lorem ipsum Bottle,['Bottle']
166,"lorem ipsum Straw, Plastic Bag","['Straw', 'Plastic Bag']"
167,lorem ipsum Can,['Can']
168,"lorem ipsum Wrapper, Can, Cartoon","['Wrapper', 'Can', 'Cartoon']"
169,"lorem ipsum Plastic Bag, Wrapper","['Plastic Bag', 'Wrapper']"
170,"lorem ipsum Plastic Bag, Paper","['Plastic Bag', 'Paper']"
171,lorem ipsum Can,['Can']
172,"lorem ipsum Wrapper, Bottle","['Wrapper', 'Bottle']"
173,lorem ipsum Wrapper,['Wrapper']
174,"lorem ipsum Bottle, Can","['Bottle', 'Can']"
175,"lorem ipsum Wrapper, Paper","['Wrapper', 'Paper']"
176,"lorem ipsum Plastic Bag, Bottle, Cup","['Plastic Bag', 'Bottle', 'Cup']"
177,"lorem ipsum Plastic Bag, Bottle Cap","['Plastic Bag', 'Bottle Cap']"
178,lorem ipsum Wrapper,['Wrapper']
179,"lorem ipsum Plastic Bag, Aluminium Foil","['Plastic Bag', 'Aluminium Foil']"
180,"lorem ipsum Aluminium Foil, Can","['Aluminium Foil', 'Can']"
181,"lorem ipsum Wrapper, Can","['Wrapper', 'Can']"
182,lorem ipsum Wrapper,['Wrapper']
183,"lorem ipsum Wrapper, Cup, Cartoon","['Wrapper', 'Cup', 'Cartoon']"
184,"lorem ipsum Straw, Bottle Cap","['Straw', 'Bottle Cap']"
185,"lorem ipsum Plastic Bag, Cartoon, Paper","['Plastic Bag', 'Cartoon', 'Paper']"
186,"lorem ipsum Plastic Bag, Bottle Cap, Straw","['Plastic Bag', 'Bottle Cap', 'Straw']"
187,"lorem ipsum Paper, Straw","['Paper', 'Straw']"
188,"lorem ipsum Wrapper, Can, Bottle","['Wrapper', 'Can', 'Bottle']"
189,"lorem ipsum Aluminium Foil, Paper, Cup","['Aluminium Foil', 'Paper', 'Cup']"
190,"lorem ipsum Bottle, Cartoon","['Bottle', 'Cartoon']"
191,"lorem ipsum Can, Bottle Cap, Aluminium Foil","['Can', 'Bottle Cap', 'Aluminium Foil']"
192,"lorem ipsum Aluminium Foil, Straw","['Aluminium Foil', 'Straw']"
193,lorem ipsum Plastic Bag,['Plastic Bag']
194,"lorem ipsum Straw, Paper","['Straw', 'Paper']"
195,"lorem ipsum Can, Bottle Cap, Straw","['Can', 'Bottle Cap', 'Straw']"
196,lorem ipsum Straw,['Straw']
197,lorem ipsum Can,['Can']
198,"lorem ipsum Bottle Cap, Aluminium Foil, Paper","['Bottle Cap', 'Aluminium Foil', 'Paper']"
199,"lorem ipsum Can, Aluminium Foil","['Can', 'Aluminium Foil']"
200,"lorem ipsum Straw, Cartoon","['Straw', 'Cartoon']"
201,"lorem ipsum Wrapper, Straw, Cup","['Wrapper', 'Straw', 'Cup']"
202,"lorem ipsum Cup, Paper, Cartoon","['Cup', 'Paper', 'Cartoon']"
203,lorem ipsum Cartoon,['Cartoon']
204,lorem ipsum Paper,['Paper']
205,"lorem ipsum Paper, Aluminium Foil, Plastic Bag","['Paper', 'Aluminium Foil', 'Plastic Bag']"
206,"lorem ipsum Paper, Plastic Bag, Can","['Paper', 'Plastic Bag', 'Can']"
207,lorem ipsum Wrapper,['Wrapper']
208,lorem ipsum Wrapper,['Wrapper']
209,lorem ipsum Cartoon,['Cartoon']
210,lorem ipsum Bottle,['Bottle']
211,lorem ipsum Paper,['Paper']
212,"lorem ipsum Can, Cup","['Can', 'Cup']"
213,"lorem ipsum Plastic Bag, Cup, Aluminium Foil","['Plastic Bag', 'Cup', 'Aluminium Foil']"
214,lorem ipsum Can,['Can']
215,lorem ipsum Wrapper,['Wrapper']
216,lorem ipsum Can,['Can']
217,lorem ipsum Bottle Cap,['Bottle Cap']
218,"lorem ipsum Straw, Plastic Bag, Bottle Cap","['Straw', 'Plastic Bag', 'Bottle Cap']"
219,"lorem ipsum Bottle Cap, Plastic Bag, Cup","['Bottle Cap', 'Plastic Bag', 'Cup']"
220,"lorem ipsum Bottle, Bottle Cap","['Bottle', 'Bottle Cap']"
221,"lorem ipsum Bottle, Wrapper, Cartoon","['Bottle', 'Wrapper', 'Cartoon']"
222,"lorem ipsum Straw, Plastic Bag, Wrapper","['Straw', 'Plastic Bag', 'Wrapper']"
223,"lorem ipsum Straw, Bottle","['Straw', 'Bottle']"
224,lorem ipsum Bottle,['Bottle']
225,lorem ipsum Bottle,['Bottle']
226,"lorem ipsum Cartoon, Bottle","['Cartoon', 'Bottle']"
227,"lorem ipsum Bottle, Aluminium Foil, Can","['Bottle', 'Aluminium Foil', 'Can']"
228,"lorem ipsum Straw, Bottle Cap, Bottle","['Straw', 'Bottle Cap', 'Bottle']"
229,"lorem ipsum Wrapper, Can, Plastic Bag","['Wrapper', 'Can', 'Plastic Bag']"
230,"lorem ipsum Paper, Bottle, Cup","['Paper', 'Bottle', 'Cup']"
231,"lorem ipsum Cup, Can","['Cup', 'Can']"
232,"lorem ipsum Paper, Can, Cup","['Paper', 'Can', 'Cup']"
233,"lorem ipsum Wrapper, Straw, Cup","['Wrapper', 'Straw', 'Cup']"
234,"lorem ipsum Cartoon, Bottle","['Cartoon', 'Bottle']"
235,"lorem ipsum Plastic Bag, Can","['Plastic Bag', 'Can']"
236,"lorem ipsum Can, Paper, Bottle","['Can', 'Paper', 'Bottle']"
237,"lorem ipsum Wrapper, Paper","['Wrapper', 'Paper']"
238,lorem ipsum Plastic Bag,['Plastic Bag']
239,"lorem ipsum Aluminium Foil, Straw","['Aluminium Foil', 'Straw']"
240,"lorem ipsum Paper, Cartoon","['Paper', 'Cartoon']"
241,"lorem ipsum Cup, Paper, Can","['Cup', 'Paper', 'Can']"
242,lorem ipsum Bottle,['Bottle']
243,"lorem ipsum Cup, Bottle","['Cup', 'Bottle']"
244,"lorem ipsum Wrapper, Cartoon","['Wrapper', 'Cartoon']"
245,lorem ipsum Plastic Bag,['Plastic Bag']
246,"lorem ipsum Straw, Paper, Cup","['Straw', 'Paper', 'Cup']"
247,"lorem ipsum Bottle Cap, Paper, Can","['Bottle Cap', 'Paper', 'Can']"
248,"lorem ipsum Cartoon, Bottle","['Cartoon', 'Bottle']"
249,"lorem ipsum Bottle, Wrapper","['Bottle', 'Wrapper']"
250,lorem ipsum Plastic Bag,['Plastic Bag']
251,"lorem ipsum Wrapper, Bottle","['Wrapper', 'Bottle']"
252,"lorem ipsum Plastic Bag, Wrapper","['Plastic Bag', 'Wrapper']"
253,"lorem ipsum Bottle, Bottle Cap","['Bottle', 'Bottle Cap']"
254,"lorem ipsum Wrapper, Cartoon, Aluminium Foil","['Wrapper', 'Cartoon', 'Aluminium Foil']"
255,"lorem ipsum Cup, Straw, Bottle","['Cup', 'Straw', 'Bottle']"
256,"lorem ipsum Bottle Cap, Cup, Plastic Bag","['Bottle Cap', 'Cup', 'Plastic Bag']"
257,"lorem ipsum Straw, Plastic Bag, Paper","['Straw', 'Plastic Bag', 'Paper']"
258,lorem ipsum Cup,['Cup']
259,"lorem ipsum Wrapper, Cartoon, Bottle Cap","['Wrapper', 'Cartoon', 'Bottle Cap']"
260,"lorem ipsum Paper, Bottle, Bottle Cap","['Paper', 'Bottle', 'Bottle Cap']"
261,"lorem ipsum Can, Paper","['Can', 'Paper']"
262,"lorem ipsum Paper, Cup","['Paper', 'Cup']"
263,"lorem ipsum Paper, Cartoon, Bottle Cap","['Paper', 'Cartoon', 'Bottle Cap']"
264,"lorem ipsum Can, Paper","['Can', 'Paper']"
265,"lorem ipsum Paper, Aluminium Foil","['Paper', 'Aluminium Foil']"
266,lorem ipsum Paper,['Paper']
267,lorem ipsum Straw,['Straw']
268,lorem ipsum Plastic Bag,['Plastic Bag']
269,"lorem ipsum Cup, Bottle Cap","['Cup', 'Bottle Cap']"
270,"lorem ipsum Bottle Cap, Straw, Cartoon","['Bottle Cap', 'Straw', 'Cartoon']"
271,lorem ipsum Plastic Bag,['Plastic Bag']
272,lorem ipsum Bottle Cap,['Bottle Cap']
273,lorem ipsum Wrapper,['Wrapper']
274,"lorem ipsum Aluminium Foil, Plastic Bag, Paper","['Aluminium Foil', 'Plastic Bag', 'Paper']"
275,"lorem ipsum Plastic Bag, Aluminium Foil, Bottle","['Plastic Bag', 'Aluminium Foil', 'Bottle']"
276,"lorem ipsum Plastic Bag, Paper, Cartoon","['Plastic Bag', 'Paper', 'Cartoon']"
277,"lorem ipsum Bottle Cap, Plastic Bag","['Bottle Cap', 'Plastic Bag']"
278,"lorem ipsum Bottle, Plastic Bag","['Bottle', 'Plastic Bag']"
279,"lorem ipsum Paper, Bottle Cap","['Paper', 'Bottle Cap']"
280,lorem ipsum Bottle,['Bottle']
281,lorem ipsum Cartoon,['Cartoon']
282,"lorem ipsum Cup, Wrapper","['Cup', 'Wrapper']"
283,lorem ipsum Straw,['Straw']
284,"lorem ipsum Can, Cup, Cartoon","['Can', 'Cup', 'Cartoon']"
285,lorem ipsum Straw,['Straw']
286,"lorem ipsum Aluminium Foil, Can","['Aluminium Foil', 'Can']"
287,"lorem ipsum Can, Bottle","['Can', 'Bottle']"
288,"lorem ipsum Wrapper, Can, Cup","['Wrapper', 'Can', 'Cup']"
289,lorem ipsum Wrapper,['Wrapper']
290,lorem ipsum Bottle,['Bottle']
291,"lorem ipsum Plastic Bag, Cartoon, Bottle","['Plastic Bag', 'Cartoon', 'Bottle']"
292,"lorem ipsum Aluminium Foil, Wrapper, Can","['Aluminium Foil', 'Wrapper', 'Can']"
293,lorem ipsum Paper,['Paper']
294,"lorem ipsum Cartoon, Can, Cup","['Cartoon', 'Can', 'Cup']"
295,"lorem ipsum Bottle Cap, Cartoon","['Bottle Cap', 'Cartoon']"
296,"lorem ipsum Cup, Plastic Bag","['Cup', 'Plastic Bag']"
297,lorem ipsum Paper,['Paper']
298,"lorem ipsum Bottle Cap, Cartoon","['Bottle Cap', 'Cartoon']"
299,"lorem ipsum Bottle Cap, Plastic Bag, Cup","['Bottle Cap', 'Plastic Bag', 'Cup']"
300,"lorem ipsum Paper, Plastic Bag","['Paper', 'Plastic Bag']"
301,lorem ipsum Cup,['Cup']
302,"lorem ipsum Straw, Aluminium Foil, Bottle","['Straw', 'Aluminium Foil', 'Bottle']"
303,"lorem ipsum Wrapper, Can, Plastic Bag","['Wrapper', 'Can', 'Plastic Bag']"
304,"lorem ipsum Bottle, Paper","['Bottle', 'Paper']"
305,lorem ipsum Aluminium Foil,['Aluminium Foil']
306,"lorem ipsum Aluminium Foil, Paper","['Aluminium Foil', 'Paper']"
307,"lorem ipsum Wrapper, Aluminium Foil, Cartoon","['Wrapper', 'Aluminium Foil', 'Cartoon']"
308,"lorem ipsum Wrapper, Paper, Bottle Cap","['Wrapper', 'Paper', 'Bottle Cap']"
309,"lorem ipsum Cartoon, Straw","['Cartoon', 'Straw']"
310,"lorem ipsum Bottle Cap, Plastic Bag","['Bottle Cap', 'Plastic Bag']"
311,"lorem ipsum Plastic Bag, Paper","['Plastic Bag', 'Paper']"
312,lorem ipsum Cup,['Cup']
313,"lorem ipsum Cup, Straw","['Cup', 'Straw']"
314,"lorem ipsum Bottle, Bottle Cap","['Bottle', 'Bottle Cap']"
315,"lorem ipsum Bottle, Paper","['Bottle', 'Paper']"
316,"lorem ipsum Paper, Aluminium Foil","['Paper', 'Aluminium Foil']"
317,"lorem ipsum Bottle Cap, Wrapper, Plastic Bag","['Bottle Cap', 'Wrapper', 'Plastic Bag']"
318,lorem ipsum Wrapper,['Wrapper']
319,"lorem ipsum Cup, Straw, Aluminium Foil","['Cup', 'Straw', 'Aluminium Foil']"
320,lorem ipsum Cartoon,['Cartoon']
321,lorem ipsum Can,['Can']
322,"lorem ipsum Cup, Bottle, Wrapper","['Cup', 'Bottle', 'Wrapper']"
323,"lorem ipsum Straw, Can, Aluminium Foil","['Straw', 'Can', 'Aluminium Foil']"
324,"lorem ipsum Cup, Aluminium Foil, Can","['Cup', 'Aluminium Foil', 'Can']"
325,"lorem ipsum Straw, Paper, Bottle Cap","['Straw', 'Paper', 'Bottle Cap']"
326,lorem ipsum Can,['Can']
327,"lorem ipsum Bottle, Cartoon","['Bottle', 'Cartoon']"
328,lorem ipsum Cartoon,['Cartoon']
329,"lorem ipsum Bottle, Can","['Bottle', 'Can']"
330,lorem ipsum Wrapper,['Wrapper']
331,"lorem ipsum Plastic Bag, Bottle Cap, Aluminium Foil","['Plastic Bag', 'Bottle Cap', 'Aluminium Foil']"
332,lorem ipsum Wrapper,['Wrapper']
333,"lorem ipsum Can, Wrapper","['Can', 'Wrapper']"
334,"lorem ipsum Plastic Bag, Bottle Cap","['Plastic Bag', 'Bottle Cap']"
335,"lorem ipsum Wrapper, Plastic Bag, Bottle","['Wrapper', 'Plastic Bag', 'Bottle']"
336,"lorem ipsum Cup, Straw","['Cup', 'Straw']"
337,"lorem ipsum Cup, Aluminium Foil, Paper","['Cup', 'Aluminium Foil', 'Paper']"
338,lorem ipsum Cartoon,['Cartoon']
339,"lorem ipsum Cup, Paper, Cartoon","['Cup', 'Paper', 'Cartoon']"
340,lorem ipsum Straw,['Straw']
341,"lorem ipsum Wrapper, Cup","['Wrapper', 'Cup']"
342,lorem ipsum Bottle,['Bottle']
343,lorem ipsum Aluminium Foil,['Aluminium Foil']
344,lorem ipsum Can,['Can']
345,lorem ipsum Aluminium Foil,['Aluminium Foil']
346,"lorem ipsum Straw, Cup","['Straw', 'Cup']"
347,lorem ipsum Cup,['Cup']
348,"lorem ipsum Paper, Plastic Bag","['Paper', 'Plastic Bag']"
349,"lorem ipsum Plastic Bag, Cartoon, Can","['Plastic Bag', 'Cartoon', 'Can']"
350,"lorem ipsum Wrapper, Bottle Cap","['Wrapper', 'Bottle Cap']"
351,lorem ipsum Bottle,['Bottle']
352,lorem ipsum Aluminium Foil,['Aluminium Foil']
353,"lorem ipsum Plastic Bag, Straw","['Plastic Bag', 'Straw']"
354,lorem ipsum Bottle,['Bottle']
355,"lorem ipsum Bottle Cap, Aluminium Foil, Bottle","['Bottle Cap', 'Aluminium Foil', 'Bottle']"
356,lorem ipsum Cartoon,['Cartoon']
357,lorem ipsum Cartoon,['Cartoon']
358,"lorem ipsum Can, Bottle, Cup","['Can', 'Bottle', 'Cup']"
359,lorem ipsum Plastic Bag,['Plastic Bag']
360,"lorem ipsum Plastic Bag, Aluminium Foil, Can","['Plastic Bag', 'Aluminium Foil', 'Can']"
361,"lorem ipsum Wrapper, Straw, Aluminium Foil","['Wrapper', 'Straw', 'Aluminium Foil']"
362,"lorem ipsum Plastic Bag, Paper, Bottle Cap","['Plastic Bag', 'Paper', 'Bottle Cap']"
363,"lorem ipsum Bottle Cap, Straw, Cartoon","['Bottle Cap', 'Straw', 'Cartoon']"
364,"lorem ipsum Bottle Cap, Paper","['Bottle Cap', 'Paper']"
365,lorem ipsum Wrapper,['Wrapper']
366,"lorem ipsum Straw, Aluminium Foil","['Straw', 'Aluminium Foil']"
367,"lorem ipsum Can, Bottle, Wrapper","['Can', 'Bottle', 'Wrapper']"
368,"lorem ipsum Wrapper, Cartoon","['Wrapper', 'Cartoon']"
369,lorem ipsum Wrapper,['Wrapper']
370,lorem ipsum Aluminium Foil,['Aluminium Foil']
371,"lorem ipsum Straw, Bottle Cap","['Straw', 'Bottle Cap']"
372,"lorem ipsum Straw, Can, Bottle Cap","['Straw', 'Can', 'Bottle Cap']"
373,lorem ipsum Aluminium Foil,['Aluminium Foil']
374,lorem ipsum Can,['Can']
375,"lorem ipsum Bottle Cap, Straw, Cup","['Bottle Cap', 'Straw', 'Cup']"
376,"lorem ipsum Aluminium Foil, Cup, Straw","['Aluminium Foil', 'Cup', 'Straw']"
377,"lorem ipsum Cup, Wrapper, Straw","['Cup', 'Wrapper', 'Straw']"
378,"lorem ipsum Straw, Wrapper","['Straw', 'Wrapper']"
379,"lorem ipsum Aluminium Foil, Can, Bottle Cap","['Aluminium Foil', 'Can', 'Bottle Cap']"
380,"lorem ipsum Bottle Cap, Straw","['Bottle Cap', 'Straw']"
381,"lorem ipsum Plastic Bag, Straw","['Plastic Bag', 'Straw']"
382,"lorem ipsum Straw, Paper, Can","['Straw', 'Paper', 'Can']"
383,"lorem ipsum Plastic Bag, Can, Paper","['Plastic Bag', 'Can', 'Paper']"
384,"lorem ipsum Paper, Straw","['Paper', 'Straw']"
385,lorem ipsum Aluminium Foil,['Aluminium Foil']
386,"lorem ipsum Wrapper, Straw","['Wrapper', 'Straw']"
387,"lorem ipsum Wrapper, Straw, Can","['Wrapper', 'Straw', 'Can']"
388,"lorem ipsum Plastic Bag, Paper, Aluminium Foil","['Plastic Bag', 'Paper', 'Aluminium Foil']"
389,"lorem ipsum Bottle, Bottle Cap, Can","['Bottle', 'Bottle Cap', 'Can']"
390,lorem ipsum Bottle Cap,['Bottle Cap']
391,lorem ipsum Aluminium Foil,['Aluminium Foil']
392,lorem ipsum Straw,['Straw']
393,"lorem ipsum Plastic Bag, Bottle Cap, Cup","['Plastic Bag', 'Bottle Cap', 'Cup']"
394,"lorem ipsum Plastic Bag, Paper","['Plastic Bag', 'Paper']"
395,"lorem ipsum Bottle, Cartoon, Aluminium Foil","['Bottle', 'Cartoon', 'Aluminium Foil']"
396,"lorem ipsum Paper, Aluminium Foil","['Paper', 'Aluminium Foil']"
397,"lorem ipsum Plastic Bag, Aluminium Foil","['Plastic Bag', 'Aluminium Foil']"
398,"lorem ipsum Bottle, Paper","['Bottle', 'Paper']"
399,"lorem ipsum Bottle Cap, Can","['Bottle Cap', 'Can']"
400,"lorem ipsum Plastic Bag, Bottle Cap, Aluminium Foil","['Plastic Bag', 'Bottle Cap', 'Aluminium Foil']"
401,lorem ipsum Plastic Bag,['Plastic Bag']
402,"lorem ipsum Bottle Cap, Bottle","['Bottle Cap', 'Bottle']"
403,"lorem ipsum Can, Cartoon","['Can', 'Cartoon']"
404,"lorem ipsum Aluminium Foil, Can, Wrapper","['Aluminium Foil', 'Can', 'Wrapper']"
405,lorem ipsum Cup,['Cup']
406,"lorem ipsum Cup, Bottle Cap, Can","['Cup', 'Bottle Cap', 'Can']"
407,"lorem ipsum Cartoon, Aluminium Foil","['Cartoon', 'Aluminium Foil']"
408,lorem ipsum Cup,['Cup']
409,"lorem ipsum Paper, Bottle Cap, Cartoon","['Paper', 'Bottle Cap', 'Cartoon']"
410,lorem ipsum Straw,['Straw']
411,lorem ipsum Bottle Cap,['Bottle Cap']
412,"lorem ipsum Aluminium Foil, Plastic Bag, Bottle","['Aluminium Foil', 'Plastic Bag', 'Bottle']"
413,lorem ipsum Cup,['Cup']
414,lorem ipsum Bottle Cap,['Bottle Cap']
415,"lorem ipsum Can, Paper","['Can', 'Paper']"
416,"lorem ipsum Can, Bottle, Cup","['Can', 'Bottle', 'Cup']"
417,"lorem ipsum Wrapper, Plastic Bag, Bottle Cap","['Wrapper', 'Plastic Bag', 'Bottle Cap']"
418,"lorem ipsum Cartoon, Plastic Bag, Bottle","['Cartoon', 'Plastic Bag', 'Bottle']"
419,"lorem ipsum Can, Aluminium Foil, Plastic Bag","['Can', 'Aluminium Foil', 'Plastic Bag']"
420,lorem ipsum Cup,['Cup']
421,"lorem ipsum Wrapper, Paper","['Wrapper', 'Paper']"
422,lorem ipsum Cartoon,['Cartoon']
423,"lorem ipsum Cartoon, Aluminium Foil, Bottle","['Cartoon', 'Aluminium Foil', 'Bottle']"
424,lorem ipsum Aluminium Foil,['Aluminium Foil']
425,"lorem ipsum Bottle Cap, Plastic Bag","['Bottle Cap', 'Plastic Bag']"
426,lorem ipsum Cartoon,['Cartoon']
427,"lorem ipsum Paper, Bottle Cap","['Paper', 'Bottle Cap']"
428,lorem ipsum Aluminium Foil,['Aluminium Foil']
429,"lorem ipsum Aluminium Foil, Cartoon","['Aluminium Foil', 'Cartoon']"
430,lorem ipsum Plastic Bag,['Plastic Bag']
431,lorem ipsum Paper,['Paper']
432,lorem ipsum Bottle,['Bottle']
433,lorem ipsum Can,['Can']
434,"lorem ipsum Bottle Cap, Cup, Aluminium Foil","['Bottle Cap', 'Cup', 'Aluminium Foil']"
435,lorem ipsum Aluminium Foil,['Aluminium Foil']
436,lorem ipsum Plastic Bag,['Plastic Bag']
437,lorem ipsum Paper,['Paper']
438,"lorem ipsum Wrapper, Can","['Wrapper', 'Can']"
439,lorem ipsum Bottle,['Bottle']
440,"lorem ipsum Cartoon, Bottle, Cup","['Cartoon', 'Bottle', 'Cup']"
441,lorem ipsum Bottle,['Bottle']
442,lorem ipsum Bottle,['Bottle']
443,"lorem ipsum Bottle Cap, Straw, Cartoon","['Bottle Cap', 'Straw', 'Cartoon']"
444,"lorem ipsum Can, Wrapper, Bottle Cap","['Can', 'Wrapper', 'Bottle Cap']"
445,"lorem ipsum Plastic Bag, Can","['Plastic Bag', 'Can']"
446,lorem ipsum Cartoon,['Cartoon']
447,lorem ipsum Bottle,['Bottle']
448,lorem ipsum Bottle Cap,['Bottle Cap']
449,"lorem ipsum Wrapper, Bottle, Paper","['Wrapper', 'Bottle', 'Paper']"
450,lorem ipsum Paper,['Paper']
451,lorem ipsum Plastic Bag,['Plastic Bag']
452,"lorem ipsum Cartoon, Straw, Plastic Bag","['Cartoon', 'Straw', 'Plastic Bag']"
453,lorem ipsum Paper,['Paper']
454,"lorem ipsum Bottle, Cup, Wrapper","['Bottle', 'Cup', 'Wrapper']"
455,lorem ipsum Cartoon,['Cartoon']
456,lorem ipsum Can,['Can']
457,"lorem ipsum Wrapper, Cartoon, Paper","['Wrapper', 'Cartoon', 'Paper']"
458,lorem ipsum Straw,['Straw']
459,"lorem ipsum Can, Paper","['Can', 'Paper']"
460,"lorem ipsum Can, Bottle Cap","['Can', 'Bottle Cap']"
461,"lorem ipsum Can, Straw, Wrapper","['Can', 'Straw', 'Wrapper']"
462,"lorem ipsum Bottle, Cartoon","['Bottle', 'Cartoon']"
463,"lorem ipsum Wrapper, Bottle Cap","['Wrapper', 'Bottle Cap']"
464,lorem ipsum Paper,['Paper']
465,lorem ipsum Cup,['Cup']
466,"lorem ipsum Paper, Cartoon, Bottle Cap","['Paper', 'Cartoon', 'Bottle Cap']"
467,lorem ipsum Wrapper,['Wrapper']
468,lorem ipsum Cup,['Cup']
469,"lorem ipsum Paper, Wrapper, Plastic Bag","['Paper', 'Wrapper', 'Plastic Bag']"
470,lorem ipsum Cup,['Cup']
471,"lorem ipsum Wrapper, Aluminium Foil, Bottle","['Wrapper', 'Aluminium Foil', 'Bottle']"
472,"lorem ipsum Bottle Cap, Bottle, Straw","['Bottle Cap', 'Bottle', 'Straw']"
473,"lorem ipsum Straw, Plastic Bag","['Straw', 'Plastic Bag']"
474,lorem ipsum Plastic Bag,['Plastic Bag']
475,"lorem ipsum Paper, Cup, Aluminium Foil","['Paper', 'Cup', 'Aluminium Foil']"
476,"lorem ipsum Paper, Bottle Cap","['Paper', 'Bottle Cap']"
477,"lorem ipsum Can, Cup, Paper","['Can', 'Cup', 'Paper']"
478,"lorem ipsum Paper, Cartoon, Cup","['Paper', 'Cartoon', 'Cup']"
479,"lorem ipsum Straw, Wrapper, Bottle","['Straw', 'Wrapper', 'Bottle']"
480,lorem ipsum Wrapper,['Wrapper']
481,"lorem ipsum Plastic Bag, Bottle, Wrapper","['Plastic Bag', 'Bottle', 'Wrapper']"
482,"lorem ipsum Bottle Cap, Aluminium Foil, Paper","['Bottle Cap', 'Aluminium Foil', 'Paper']"
483,"lorem ipsum Paper, Aluminium Foil","['Paper', 'Aluminium Foil']"
484,"lorem ipsum Bottle, Cup, Can","['Bottle', 'Cup', 'Can']"
485,lorem ipsum Wrapper,['Wrapper']
486,"lorem ipsum Wrapper, Bottle, Paper","['Wrapper', 'Bottle', 'Paper']"
487,"lorem ipsum Straw, Bottle, Cartoon","['Straw', 'Bottle', 'Cartoon']"
488,lorem ipsum Can,['Can']
489,lorem ipsum Cartoon,['Cartoon']
490,"lorem ipsum Wrapper, Paper, Cup","['Wrapper', 'Paper', 'Cup']"
491,lorem ipsum Bottle Cap,['Bottle Cap']
492,"lorem ipsum Cup, Aluminium Foil, Plastic Bag","['Cup', 'Aluminium Foil', 'Plastic Bag']"
493,"lorem ipsum Bottle Cap, Cartoon, Paper","['Bottle Cap', 'Cartoon', 'Paper']"
494,lorem ipsum Paper,['Paper']
495,"lorem ipsum Aluminium Foil, Plastic Bag","['Aluminium Foil', 'Plastic Bag']"
496,"lorem ipsum Wrapper, Cartoon","['Wrapper', 'Cartoon']"
497,lorem ipsum Plastic Bag,['Plastic Bag']
498,"lorem ipsum Straw, Can","['Straw', 'Can']"
499,"lorem ipsum Straw, Bottle, Plastic Bag","['Straw', 'Bottle', 'Plastic Bag']"
500,"lorem ipsum Wrapper, Bottle Cap","['Wrapper', 'Bottle Cap']"
501,"lorem ipsum Cup, Can, Paper","['Cup', 'Can', 'Paper']"
502,lorem ipsum Aluminium Foil,['Aluminium Foil']
503,"lorem ipsum Can, Bottle Cap, Paper","['Can', 'Bottle Cap', 'Paper']"
504,"lorem ipsum Cartoon, Bottle Cap, Paper","['Cartoon', 'Bottle Cap', 'Paper']"
505,lorem ipsum Cartoon,['Cartoon']
506,lorem ipsum Can,['Can']
507,lorem ipsum Bottle,['Bottle']
508,lorem ipsum Bottle Cap,['Bottle Cap']
509,lorem ipsum Cup,['Cup']
510,"lorem ipsum Cartoon, Bottle Cap, Bottle","['Cartoon', 'Bottle Cap', 'Bottle']"
511,"lorem ipsum Can, Plastic Bag, Wrapper","['Can', 'Plastic Bag', 'Wrapper']"
512,lorem ipsum Paper,['Paper']
513,"lorem ipsum Straw, Plastic Bag, Bottle Cap","['Straw', 'Plastic Bag', 'Bottle Cap']"
514,"lorem ipsum Bottle, Can","['Bottle', 'Can']"
515,"lorem ipsum Paper, Can, Bottle","['Paper', 'Can', 'Bottle']"
516,lorem ipsum Cartoon,['Cartoon']
517,"lorem ipsum Straw, Cartoon, Aluminium Foil","['Straw', 'Cartoon', 'Aluminium Foil']"
518,"lorem ipsum Can, Cartoon, Plastic Bag","['Can', 'Cartoon', 'Plastic Bag']"
519,"lorem ipsum Wrapper, Straw","['Wrapper', 'Straw']"
520,"lorem ipsum Cartoon, Bottle","['Cartoon', 'Bottle']"
521,"lorem ipsum Cup, Wrapper, Straw","['Cup', 'Wrapper', 'Straw']"
522,lorem ipsum Bottle Cap,['Bottle Cap']
523,lorem ipsum Straw,['Straw']
524,lorem ipsum Cup,['Cup']
525,"lorem ipsum Bottle Cap, Straw","['Bottle Cap', 'Straw']"
526,"lorem ipsum Cup, Plastic Bag, Paper","['Cup', 'Plastic Bag', 'Paper']"
527,"lorem ipsum Paper, Bottle Cap, Wrapper","['Paper', 'Bottle Cap', 'Wrapper']"
528,"lorem ipsum Aluminium Foil, Bottle Cap","['Aluminium Foil', 'Bottle Cap']"
529,lorem ipsum Wrapper,['Wrapper']
530,"lorem ipsum Bottle Cap, Wrapper","['Bottle Cap', 'Wrapper']"
531,"lorem ipsum Aluminium Foil, Cartoon, Cup","['Aluminium Foil', 'Cartoon', 'Cup']"
532,"lorem ipsum Bottle, Bottle Cap, Plastic Bag","['Bottle', 'Bottle Cap', 'Plastic Bag']"
533,"lorem ipsum Cartoon, Straw, Bottle","['Cartoon', 'Straw', 'Bottle']"
534,"lorem ipsum Paper, Can","['Paper', 'Can']"
535,lorem ipsum Straw,['Straw']
536,lorem ipsum Bottle,['Bottle']
537,lorem ipsum Cup,['Cup']
538,"lorem ipsum Straw, Cup, Cartoon","['Straw', 'Cup', 'Cartoon']"
539,"lorem ipsum Can, Straw, Plastic Bag","['Can', 'Straw', 'Plastic Bag']"
540,lorem ipsum Straw,['Straw']
541,"lorem ipsum Bottle Cap, Straw, Can","['Bottle Cap', 'Straw', 'Can']"
542,"lorem ipsum Straw, Can, Bottle Cap","['Straw', 'Can', 'Bottle Cap']"
543,"lorem ipsum Bottle, Bottle Cap, Wrapper","['Bottle', 'Bottle Cap', 'Wrapper']"
544,"lorem ipsum Bottle Cap, Bottle","['Bottle Cap', 'Bottle']"
545,"lorem ipsum Aluminium Foil, Bottle","['Aluminium Foil', 'Bottle']"
546,"lorem ipsum Aluminium Foil, Bottle","['Aluminium Foil', 'Bottle']"
547,lorem ipsum Straw,['Straw']
548,"lorem ipsum Wrapper, Cartoon","['Wrapper', 'Cartoon']"
549,"lorem ipsum Cartoon, Can, Aluminium Foil","['Cartoon', 'Can', 'Aluminium Foil']"
550,lorem ipsum Paper,['Paper']
551,"lorem ipsum Can, Bottle Cap, Bottle","['Can', 'Bottle Cap', 'Bottle']"
552,"lorem ipsum Can, Plastic Bag","['Can', 'Plastic Bag']"
553,"lorem ipsum Wrapper, Aluminium Foil","['Wrapper', 'Aluminium Foil']"
554,"lorem ipsum Cup, Straw, Wrapper","['Cup', 'Straw', 'Wrapper']"
555,"lorem ipsum Paper, Cup","['Paper', 'Cup']"
556,"lorem ipsum Bottle Cap, Paper","['Bottle Cap', 'Paper']"
557,"lorem ipsum Bottle Cap, Cartoon, Aluminium Foil","['Bottle Cap', 'Cartoon', 'Aluminium Foil']"
558,lorem ipsum Plastic Bag,['Plastic Bag']
559,"lorem ipsum Cartoon, Can","['Cartoon', 'Can']"
560,"lorem ipsum Cartoon, Plastic Bag, Cup","['Cartoon', 'Plastic Bag', 'Cup']"
561,"lorem ipsum Aluminium Foil, Straw","['Aluminium Foil', 'Straw']"
562,"lorem ipsum Wrapper, Cup","['Wrapper', 'Cup']"
563,"lorem ipsum Can, Aluminium Foil, Cup","['Can', 'Aluminium Foil', 'Cup']"
564,"lorem ipsum Cup, Cartoon","['Cup', 'Cartoon']"
565,lorem ipsum Paper,['Paper']
566,"lorem ipsum Can, Aluminium Foil, Bottle Cap","['Can', 'Aluminium Foil', 'Bottle Cap']"
567,"lorem ipsum Straw, Bottle Cap, Paper","['Straw', 'Bottle Cap', 'Paper']"
568,"lorem ipsum Bottle Cap, Cup, Cartoon","['Bottle Cap', 'Cup', 'Cartoon']"
569,"lorem ipsum Straw, Aluminium Foil","['Straw', 'Aluminium Foil']"
570,lorem ipsum Cartoon,['Cartoon']
571,"lorem ipsum Plastic Bag, Cartoon","['Plastic Bag', 'Cartoon']"
572,"lorem ipsum Wrapper, Cup","['Wrapper', 'Cup']"
573,"lorem ipsum Cup, Aluminium Foil, Straw","['Cup', 'Aluminium Foil', 'Straw']"
574,"lorem ipsum Bottle, Cartoon, Wrapper","['Bottle', 'Cartoon', 'Wrapper']"
575,"lorem ipsum Plastic Bag, Can","['Plastic Bag', 'Can']"
576,"lorem ipsum Bottle, Paper","['Bottle', 'Paper']"
577,"lorem ipsum Can, Cup","['Can', 'Cup']"
578,"lorem ipsum Plastic Bag, Can","['Plastic Bag', 'Can']"
579,lorem ipsum Plastic Bag,['Plastic Bag']
580,"lorem ipsum Wrapper, Paper, Bottle","['Wrapper', 'Paper', 'Bottle']"
581,"lorem ipsum Cup, Aluminium Foil","['Cup', 'Aluminium Foil']"
582,"lorem ipsum Wrapper, Paper, Can","['Wrapper', 'Paper', 'Can']"
583,"lorem ipsum Cartoon, Paper, Straw","['Cartoon', 'Paper', 'Straw']"
584,lorem ipsum Wrapper,['Wrapper']
585,lorem ipsum Cartoon,['Cartoon']
586,"lorem ipsum Bottle Cap, Plastic Bag, Cartoon","['Bottle Cap', 'Plastic Bag', 'Cartoon']"
587,"lorem ipsum Cartoon, Bottle","['Cartoon', 'Bottle']"
588,"lorem ipsum Bottle, Plastic Bag, Straw","['Bottle', 'Plastic Bag', 'Straw']"
589,"lorem ipsum Cartoon, Paper, Bottle Cap","['Cartoon', 'Paper', 'Bottle Cap']"
590,"lorem ipsum Aluminium Foil, Plastic Bag","['Aluminium Foil', 'Plastic Bag']"
591,lorem ipsum Cartoon,['Cartoon']
592,"lorem ipsum Bottle, Wrapper, Cartoon","['Bottle', 'Wrapper', 'Cartoon']"
593,lorem ipsum Bottle Cap,['Bottle Cap']
594,lorem ipsum Bottle,['Bottle']
595,"lorem ipsum Cartoon, Bottle","['Cartoon', 'Bottle']"
596,lorem ipsum Straw,['Straw']
597,lorem ipsum Wrapper,['Wrapper']
598,"lorem ipsum Cup, Cartoon, Can","['Cup', 'Cartoon', 'Can']"
599,lorem ipsum Bottle,['Bottle']
600,lorem ipsum Cartoon,['Cartoon']
601,"lorem ipsum Paper, Bottle","['Paper', 'Bottle']"
602,"lorem ipsum Aluminium Foil, Wrapper","['Aluminium Foil', 'Wrapper']"
603,lorem ipsum Aluminium Foil,['Aluminium Foil']
604,"lorem ipsum Plastic Bag, Wrapper, Cartoon","['Plastic Bag', 'Wrapper', 'Cartoon']"
605,"lorem ipsum Straw, Plastic Bag, Paper","['Straw', 'Plastic Bag', 'Paper']"
606,"lorem ipsum Wrapper, Aluminium Foil","['Wrapper', 'Aluminium Foil']"
607,"lorem ipsum Can, Bottle, Plastic Bag","['Can', 'Bottle', 'Plastic Bag']"
608,lorem ipsum Paper,['Paper']
609,"lorem ipsum Aluminium Foil, Cartoon, Can","['Aluminium Foil', 'Cartoon', 'Can']"
610,"lorem ipsum Bottle Cap, Cup","['Bottle Cap', 'Cup']"
611,lorem ipsum Paper,['Paper']
612,lorem ipsum Cup,['Cup']
613,"lorem ipsum Bottle Cap, Wrapper, Bottle","['Bottle Cap', 'Wrapper', 'Bottle']"
614,lorem ipsum Straw,['Straw']
615,lorem ipsum Bottle Cap,['Bottle Cap']
616,"lorem ipsum Cup, Bottle Cap, Straw","['Cup', 'Bottle Cap', 'Straw']"
617,"lorem ipsum Can, Bottle Cap","['Can', 'Bottle Cap']"
618,"lorem ipsum Can, Cartoon","['Can', 'Cartoon']"
619,lorem ipsum Paper,['Paper']
620,"lorem ipsum Wrapper, Bottle","['Wrapper', 'Bottle']"
621,"lorem ipsum Cartoon, Bottle Cap","['Cartoon', 'Bottle Cap']"
622,"lorem ipsum Bottle, Cup","['Bottle', 'Cup']"
623,"lorem ipsum Paper, Bottle Cap, Straw","['Paper', 'Bottle Cap', 'Straw']"
624,"lorem ipsum Paper, Wrapper","['Paper', 'Wrapper']"
625,"lorem ipsum Cartoon, Cup, Bottle Cap","['Cartoon', 'Cup', 'Bottle Cap']"
626,"lorem ipsum Plastic Bag, Bottle Cap","['Plastic Bag', 'Bottle Cap']"
627,"lorem ipsum Bottle Cap, Cartoon, Aluminium Foil","['Bottle Cap', 'Cartoon', 'Aluminium Foil']"
628,"lorem ipsum Cartoon, Bottle, Aluminium Foil","['Cartoon', 'Bottle', 'Aluminium Foil']"
629,"lorem ipsum Aluminium Foil, Can","['Aluminium Foil', 'Can']"
630,"lorem ipsum Wrapper, Can, Paper","['Wrapper', 'Can', 'Paper']"
631,"lorem ipsum Wrapper, Straw","['Wrapper', 'Straw']"
632,"lorem ipsum Plastic Bag, Paper","['Plastic Bag', 'Paper']"
633,lorem ipsum Wrapper,['Wrapper']
634,"lorem ipsum Paper, Cartoon","['Paper', 'Cartoon']"
635,"lorem ipsum Cup, Aluminium Foil, Straw","['Cup', 'Aluminium Foil', 'Straw']"
636,"lorem ipsum Bottle, Plastic Bag, Bottle Cap","['Bottle', 'Plastic Bag', 'Bottle Cap']"
637,"lorem ipsum Wrapper, Aluminium Foil, Plastic Bag","['Wrapper', 'Aluminium Foil', 'Plastic Bag']"
638,"lorem ipsum Paper, Bottle Cap, Straw","['Paper', 'Bottle Cap', 'Straw']"
639,"lorem ipsum Cartoon, Cup, Can","['Cartoon', 'Cup', 'Can']"
640,"lorem ipsum Plastic Bag, Cartoon, Straw","['Plastic Bag', 'Cartoon', 'Straw']"
641,lorem ipsum Straw,['Straw']
642,"lorem ipsum Aluminium Foil, Cartoon, Cup","['Aluminium Foil', 'Cartoon', 'Cup']"
643,"lorem ipsum Plastic Bag, Bottle Cap, Paper","['Plastic Bag', 'Bottle Cap', 'Paper']"
644,lorem ipsum Wrapper,['Wrapper']
645,"lorem ipsum Aluminium Foil, Wrapper, Cup","['Aluminium Foil', 'Wrapper', 'Cup']"
646,lorem ipsum Bottle,['Bottle']
647,"lorem ipsum Can, Bottle Cap, Cup","['Can', 'Bottle Cap', 'Cup']"
648,lorem ipsum Aluminium Foil,['Aluminium Foil']
649,"lorem ipsum Plastic Bag, Straw","['Plastic Bag', 'Straw']"
650,"lorem ipsum Aluminium Foil, Bottle Cap","['Aluminium Foil', 'Bottle Cap']"
651,"lorem ipsum Cartoon, Can, Aluminium Foil","['Cartoon', 'Can', 'Aluminium Foil']"
652,"lorem ipsum Aluminium Foil, Straw, Cartoon","['Aluminium Foil', 'Straw', 'Cartoon']"
653,"lorem ipsum Straw, Bottle Cap, Plastic Bag","['Straw', 'Bottle Cap', 'Plastic Bag']"
654,"lorem ipsum Wrapper, Bottle, Plastic Bag","['Wrapper', 'Bottle', 'Plastic Bag']"
655,lorem ipsum Bottle Cap,['Bottle Cap']
656,"lorem ipsum Bottle Cap, Bottle","['Bottle Cap', 'Bottle']"
657,"lorem ipsum Bottle Cap, Paper, Wrapper","['Bottle Cap', 'Paper', 'Wrapper']"
658,"lorem ipsum Straw, Paper, Bottle","['Straw', 'Paper', 'Bottle']"
659,"lorem ipsum Wrapper, Straw, Cup","['Wrapper', 'Straw', 'Cup']"
660,"lorem ipsum Cartoon, Bottle","['Cartoon', 'Bottle']"
661,"lorem ipsum Straw, Cup","['Straw', 'Cup']"
662,lorem ipsum Bottle Cap,['Bottle Cap']
663,"lorem ipsum Cartoon, Paper, Can","['Cartoon', 'Paper', 'Can']"
664,"lorem ipsum Bottle Cap, Cup, Bottle","['Bottle Cap', 'Cup', 'Bottle']"
665,lorem ipsum Aluminium Foil,['Aluminium Foil']
666,"lorem ipsum Cup, Can, Wrapper","['Cup', 'Can', 'Wrapper']"
667,"lorem ipsum Straw, Aluminium Foil","['Straw', 'Aluminium Foil']"
668,lorem ipsum Wrapper,['Wrapper']
669,lorem ipsum Paper,['Paper']
670,"lorem ipsum Aluminium Foil, Can, Bottle","['Aluminium Foil', 'Can', 'Bottle']"
671,"lorem ipsum Paper, Aluminium Foil, Bottle","['Paper', 'Aluminium Foil', 'Bottle']"
672,"lorem ipsum Plastic Bag, Paper","['Plastic Bag', 'Paper']"
673,"lorem ipsum Cup, Aluminium Foil","['Cup', 'Aluminium Foil']"
674,"lorem ipsum Bottle, Plastic Bag","['Bottle', 'Plastic Bag']"
675,"lorem ipsum Bottle, Paper","['Bottle', 'Paper']"
676,"lorem ipsum Plastic Bag, Cartoon","['Plastic Bag', 'Cartoon']"
677,"lorem ipsum Plastic Bag, Bottle Cap, Cartoon","['Plastic Bag', 'Bottle Cap', 'Cartoon']"
678,"lorem ipsum Straw, Paper","['Straw', 'Paper']"
679,"lorem ipsum Bottle Cap, Paper","['Bottle Cap', 'Paper']"
680,"lorem ipsum Aluminium Foil, Plastic Bag","['Aluminium Foil', 'Plastic Bag']"
681,"lorem ipsum Cup, Cartoon","['Cup', 'Cartoon']"
682,"lorem ipsum Cup, Aluminium Foil","['Cup', 'Aluminium Foil']"
683,lorem ipsum Can,['Can']
684,"lorem ipsum Bottle Cap, Cartoon, Straw","['Bottle Cap', 'Cartoon', 'Straw']"
685,lorem ipsum Plastic Bag,['Plastic Bag']
686,lorem ipsum Aluminium Foil,['Aluminium Foil']
687,"lorem ipsum Bottle, Cartoon","['Bottle', 'Cartoon']"
688,"lorem ipsum Paper, Bottle Cap, Wrapper","['Paper', 'Bottle Cap', 'Wrapper']"
689,lorem ipsum Cartoon,['Cartoon']
690,"lorem ipsum Straw, Wrapper","['Straw', 'Wrapper']"
691,"lorem ipsum Straw, Paper, Cup","['Straw', 'Paper', 'Cup']"
692,"lorem ipsum Can, Cartoon, Straw","['Can', 'Cartoon', 'Straw']"
693,lorem ipsum Bottle Cap,['Bottle Cap']
694,"lorem ipsum Cup, Straw, Wrapper","['Cup', 'Straw', 'Wrapper']"
695,lorem ipsum Cartoon,['Cartoon']
696,lorem ipsum Aluminium Foil,['Aluminium Foil']
697,"lorem ipsum Cartoon, Straw, Cup","['Cartoon', 'Straw', 'Cup']"
698,"lorem ipsum Bottle Cap, Plastic Bag","['Bottle Cap', 'Plastic Bag']"
699,lorem ipsum Paper,['Paper']
700,"lorem ipsum Cup, Bottle","['Cup', 'Bottle']"
701,lorem ipsum Cartoon,['Cartoon']
702,"lorem ipsum Aluminium Foil, Cup, Cartoon","['Aluminium Foil', 'Cup', 'Cartoon']"
703,"lorem ipsum Aluminium Foil, Straw, Cartoon","['Aluminium Foil', 'Straw', 'Cartoon']"
704,"lorem ipsum Bottle, Straw, Paper","['Bottle', 'Straw', 'Paper']"
705,"lorem ipsum Cup, Bottle, Paper","['Cup', 'Bottle', 'Paper']"
706,"lorem ipsum Can, Cup, Cartoon","['Can', 'Cup', 'Cartoon']"
707,"lorem ipsum Bottle, Straw, Cartoon","['Bottle', 'Straw', 'Cartoon']"
708,"lorem ipsum Paper, Plastic Bag, Cup","['Paper', 'Plastic Bag', 'Cup']"
709,lorem ipsum Bottle Cap,['Bottle Cap']
710,"lorem ipsum Paper, Plastic Bag, Cup","['Paper', 'Plastic Bag', 'Cup']"
711,"lorem ipsum Bottle, Wrapper, Aluminium Foil","['Bottle', 'Wrapper', 'Aluminium Foil']"
712,lorem ipsum Can,['Can']
713,lorem ipsum Wrapper,['Wrapper']
714,lorem ipsum Aluminium Foil,['Aluminium Foil']
715,lorem ipsum Cartoon,['Cartoon']
716,"lorem ipsum Cup, Bottle Cap","['Cup', 'Bottle Cap']"
717,lorem ipsum Bottle Cap,['Bottle Cap']
718,"lorem ipsum Straw, Wrapper, Paper","['Straw', 'Wrapper', 'Paper']"
719,"lorem ipsum Aluminium Foil, Bottle","['Aluminium Foil', 'Bottle']"
720,"lorem ipsum Straw, Cup, Bottle","['Straw', 'Cup', 'Bottle']"
721,"lorem ipsum Can, Cartoon","['Can', 'Cartoon']"
722,lorem ipsum Cup,['Cup']
723,"lorem ipsum Aluminium Foil, Paper, Straw","['Aluminium Foil', 'Paper', 'Straw']"
724,lorem ipsum Paper,['Paper']
725,"lorem ipsum Can, Plastic Bag, Paper","['Can', 'Plastic Bag', 'Paper']"
726,lorem ipsum Cartoon,['Cartoon']
727,lorem ipsum Bottle,['Bottle']
728,lorem ipsum Can,['Can']
729,lorem ipsum Plastic Bag,['Plastic Bag']
730,"lorem ipsum Aluminium Foil, Paper, Straw","['Aluminium Foil', 'Paper', 'Straw']"
731,lorem ipsum Cup,['Cup']
732,lorem ipsum Straw,['Straw']
733,"lorem ipsum Cartoon, Cup, Can","['Cartoon', 'Cup', 'Can']"
734,lorem ipsum Bottle,['Bottle']
735,"lorem ipsum Cup, Plastic Bag","['Cup', 'Plastic Bag']"
736,"lorem ipsum Cup, Paper","['Cup', 'Paper']"
737,"lorem ipsum Bottle, Cartoon, Wrapper","['Bottle', 'Cartoon', 'Wrapper']"
738,"lorem ipsum Cartoon, Can","['Cartoon', 'Can']"
739,lorem ipsum Can,['Can']
740,"lorem ipsum Straw, Cartoon","['Straw', 'Cartoon']"
741,lorem ipsum Cartoon,['Cartoon']
742,"lorem ipsum Plastic Bag, Paper","['Plastic Bag', 'Paper']"
743,"lorem ipsum Cartoon, Cup","['Cartoon', 'Cup']"
744,"lorem ipsum Bottle, Cartoon","['Bottle', 'Cartoon']"
745,lorem ipsum Bottle,['Bottle']
746,"lorem ipsum Can, Aluminium Foil, Bottle","['Can', 'Aluminium Foil', 'Bottle']"
747,lorem ipsum Wrapper,['Wrapper']
748,"lorem ipsum Cup, Paper","['Cup', 'Paper']"
749,lorem ipsum Bottle Cap,['Bottle Cap']
750,lorem ipsum Cartoon,['Cartoon']
751,"lorem ipsum Wrapper, Paper, Cup","['Wrapper', 'Paper', 'Cup']"
752,lorem ipsum Cartoon,['Cartoon']
753,"lorem ipsum Straw, Wrapper, Bottle","['Straw', 'Wrapper', 'Bottle']"
754,"lorem ipsum Aluminium Foil, Cup","['Aluminium Foil', 'Cup']"
755,"lorem ipsum Plastic Bag, Cartoon, Cup","['Plastic Bag', 'Cartoon', 'Cup']"
756,lorem ipsum Cartoon,['Cartoon']
757,lorem ipsum Paper,['Paper']
758,"lorem ipsum Bottle, Can","['Bottle', 'Can']"
759,"lorem ipsum Cup, Wrapper","['Cup', 'Wrapper']"
760,"lorem ipsum Cup, Aluminium Foil, Paper","['Cup', 'Aluminium Foil', 'Paper']"
761,"lorem ipsum Cup, Plastic Bag","['Cup', 'Plastic Bag']"
762,lorem ipsum Plastic Bag,['Plastic Bag']
763,"lorem ipsum Straw, Can, Plastic Bag","['Straw', 'Can', 'Plastic Bag']"
764,lorem ipsum Plastic Bag,['Plastic Bag']
765,lorem ipsum Bottle Cap,['Bottle Cap']
766,lorem ipsum Straw,['Straw']
767,lorem ipsum Wrapper,['Wrapper']
768,"lorem ipsum Plastic Bag, Cup","['Plastic Bag', 'Cup']"
769,"lorem ipsum Straw, Paper, Cup","['Straw', 'Paper', 'Cup']"
770,"lorem ipsum Aluminium Foil, Bottle Cap, Wrapper","['Aluminium Foil', 'Bottle Cap', 'Wrapper']"
771,"lorem ipsum Paper, Straw, Can","['Paper', 'Straw', 'Can']"
772,lorem ipsum Aluminium Foil,['Aluminium Foil']
773,"lorem ipsum Wrapper, Plastic Bag, Bottle","['Wrapper', 'Plastic Bag', 'Bottle']"
774,"lorem ipsum Cup, Wrapper, Can","['Cup', 'Wrapper', 'Can']"
775,"lorem ipsum Cartoon, Paper, Straw","['Cartoon', 'Paper', 'Straw']"
776,lorem ipsum Can,['Can']
777,"lorem ipsum Bottle Cap, Paper","['Bottle Cap', 'Paper']"
778,lorem ipsum Straw,['Straw']
779,"lorem ipsum Paper, Straw, Cartoon","['Paper', 'Straw', 'Cartoon']"
780,"lorem ipsum Wrapper, Cup, Can","['Wrapper', 'Cup', 'Can']"
781,lorem ipsum Aluminium Foil,['Aluminium Foil']
782,lorem ipsum Straw,['Straw']
783,"lorem ipsum Paper, Plastic Bag, Can","['Paper', 'Plastic Bag', 'Can']"
784,"lorem ipsum Cartoon, Paper, Plastic Bag","['Cartoon', 'Paper', 'Plastic Bag']"
785,"lorem ipsum Plastic Bag, Cup, Paper","['Plastic Bag', 'Cup', 'Paper']"
786,"lorem ipsum Wrapper, Aluminium Foil","['Wrapper', 'Aluminium Foil']"
787,lorem ipsum Straw,['Straw']
788,"lorem ipsum Paper, Cartoon","['Paper', 'Cartoon']"
789,"lorem ipsum Aluminium Foil, Plastic Bag, Wrapper","['Aluminium Foil', 'Plastic Bag', 'Wrapper']"
790,lorem ipsum Plastic Bag,['Plastic Bag']
791,"lorem ipsum Bottle Cap, Wrapper, Cartoon","['Bottle Cap', 'Wrapper', 'Cartoon']"
792,"lorem ipsum Bottle, Straw, Can","['Bottle', 'Straw', 'Can']"
793,"lorem ipsum Cup, Bottle","['Cup', 'Bottle']"
794,"lorem ipsum Aluminium Foil, Can","['Aluminium Foil', 'Can']"
795,"lorem ipsum Plastic Bag, Aluminium Foil","['Plastic Bag', 'Aluminium Foil']"
796,lorem ipsum Cartoon,['Cartoon']
797,"lorem ipsum Bottle, Wrapper","['Bottle', 'Wrapper']"
798,"lorem ipsum Can, Plastic Bag","['Can', 'Plastic Bag']"
799,"lorem ipsum Can, Aluminium Foil, Cartoon","['Can', 'Aluminium Foil', 'Cartoon']"
800,"lorem ipsum Cup, Straw","['Cup', 'Straw']"
801,"lorem ipsum Cartoon, Aluminium Foil, Can","['Cartoon', 'Aluminium Foil', 'Can']"
802,"lorem ipsum Can, Bottle Cap, Aluminium Foil","['Can', 'Bottle Cap', 'Aluminium Foil']"
803,lorem ipsum Cartoon,['Cartoon']
804,"lorem ipsum Aluminium Foil, Straw, Wrapper","['Aluminium Foil', 'Straw', 'Wrapper']"
805,"lorem ipsum Paper, Straw","['Paper', 'Straw']"
806,"lorem ipsum Bottle Cap, Cartoon","['Bottle Cap', 'Cartoon']"
807,lorem ipsum Bottle,['Bottle']
808,lorem ipsum Cartoon,['Cartoon']
809,"lorem ipsum Cup, Wrapper, Plastic Bag","['Cup', 'Wrapper', 'Plastic Bag']"
810,lorem ipsum Paper,['Paper']
811,"lorem ipsum Paper, Aluminium Foil, Bottle","['Paper', 'Aluminium Foil', 'Bottle']"
812,"lorem ipsum Straw, Aluminium Foil","['Straw', 'Aluminium Foil']"
813,"lorem ipsum Cartoon, Aluminium Foil","['Cartoon', 'Aluminium Foil']"
814,lorem ipsum Can,['Can']
815,"lorem ipsum Can, Straw, Aluminium Foil","['Can', 'Straw', 'Aluminium Foil']"
816,lorem ipsum Paper,['Paper']
817,lorem ipsum Cartoon,['Cartoon']
818,"lorem ipsum Bottle Cap, Plastic Bag","['Bottle Cap', 'Plastic Bag']"
819,"lorem ipsum Plastic Bag, Bottle, Straw","['Plastic Bag', 'Bottle', 'Straw']"
820,lorem ipsum Cup,['Cup']
821,lorem ipsum Aluminium Foil,['Aluminium Foil']
822,"lorem ipsum Cup, Bottle Cap, Plastic Bag","['Cup', 'Bottle Cap', 'Plastic Bag']"
823,lorem ipsum Cartoon,['Cartoon']
824,"lorem ipsum Bottle Cap, Straw","['Bottle Cap', 'Straw']"
825,lorem ipsum Cartoon,['Cartoon']
826,"lorem ipsum Paper, Straw","['Paper', 'Straw']"
827,"lorem ipsum Bottle, Aluminium Foil, Plastic Bag","['Bottle', 'Aluminium Foil', 'Plastic Bag']"
828,"lorem ipsum Bottle, Cartoon","['Bottle', 'Cartoon']"
829,"lorem ipsum Aluminium Foil, Wrapper","['Aluminium Foil', 'Wrapper']"
830,"lorem ipsum Cartoon, Straw, Aluminium Foil","['Cartoon', 'Straw', 'Aluminium Foil']"
831,"lorem ipsum Plastic Bag, Cartoon","['Plastic Bag', 'Cartoon']"
832,"lorem ipsum Wrapper, Cartoon","['Wrapper', 'Cartoon']"
833,"lorem ipsum Cartoon, Can","['Cartoon', 'Can']"
834,"lorem ipsum Bottle, Paper, Plastic Bag","['Bottle', 'Paper', 'Plastic Bag']"
835,"lorem ipsum Can, Bottle","['Can', 'Bottle']"
836,"lorem ipsum Paper, Can, Bottle","['Paper', 'Can', 'Bottle']"
837,lorem ipsum Bottle,['Bottle']
838,lorem ipsum Paper,['Paper']
839,lorem ipsum Plastic Bag,['Plastic Bag']
840,"lorem ipsum Can, Paper","['Can', 'Paper']"
841,lorem ipsum Straw,['Straw']
842,lorem ipsum Straw,['Straw']
843,lorem ipsum Paper,['Paper']
844,lorem ipsum Aluminium Foil,['Aluminium Foil']
845,lorem ipsum Can,['Can']
846,"lorem ipsum Plastic Bag, Bottle","['Plastic Bag', 'Bottle']"
847,"lorem ipsum Cup, Plastic Bag","['Cup', 'Plastic Bag']"
848,"lorem ipsum Wrapper, Cup, Straw","['Wrapper', 'Cup', 'Straw']"
849,"lorem ipsum Straw, Plastic Bag, Paper","['Straw', 'Plastic Bag', 'Paper']"
850,"lorem ipsum Plastic Bag, Can, Bottle Cap","['Plastic Bag', 'Can', 'Bottle Cap']"
851,"lorem ipsum Bottle Cap, Wrapper","['Bottle Cap', 'Wrapper']"
852,"lorem ipsum Bottle, Wrapper, Cup","['Bottle', 'Wrapper', 'Cup']"
853,lorem ipsum Cartoon,['Cartoon']
854,lorem ipsum Can,['Can']
855,"lorem ipsum Can, Aluminium Foil, Bottle","['Can', 'Aluminium Foil', 'Bottle']"
856,"lorem ipsum Can, Paper, Plastic Bag","['Can', 'Paper', 'Plastic Bag']"
857,lorem ipsum Bottle Cap,['Bottle Cap']
858,lorem ipsum Cup,['Cup']
859,lorem ipsum Wrapper,['Wrapper']
860,"lorem ipsum Bottle Cap, Cup, Paper","['Bottle Cap', 'Cup', 'Paper']"
861,"lorem ipsum Can, Wrapper, Bottle","['Can', 'Wrapper', 'Bottle']"
862,lorem ipsum Plastic Bag,['Plastic Bag']
863,"lorem ipsum Cartoon, Bottle","['Cartoon', 'Bottle']"
864,"lorem ipsum Bottle Cap, Bottle, Wrapper","['Bottle Cap', 'Bottle', 'Wrapper']"
865,"lorem ipsum Can, Wrapper, Bottle","['Can', 'Wrapper', 'Bottle']"
866,"lorem ipsum Cartoon, Bottle, Wrapper","['Cartoon', 'Bottle', 'Wrapper']"
867,lorem ipsum Can,['Can']
868,"lorem ipsum Wrapper, Cup, Plastic Bag","['Wrapper', 'Cup', 'Plastic Bag']"
869,"lorem ipsum Can, Plastic Bag","['Can', 'Plastic Bag']"
870,lorem ipsum Cartoon,['Cartoon']
871,lorem ipsum Can,['Can']
872,lorem ipsum Straw,['Straw']
873,"lorem ipsum Paper, Wrapper, Plastic Bag","['Paper', 'Wrapper', 'Plastic Bag']"
874,"lorem ipsum Can, Paper","['Can', 'Paper']"
875,lorem ipsum Straw,['Straw']
876,lorem ipsum Wrapper,['Wrapper']
877,"lorem ipsum Paper, Wrapper","['Paper', 'Wrapper']"
878,"lorem ipsum Wrapper, Straw, Aluminium Foil","['Wrapper', 'Straw', 'Aluminium Foil']"
879,"lorem ipsum Can, Wrapper, Aluminium Foil","['Can', 'Wrapper', 'Aluminium Foil']"
880,"lorem ipsum Straw, Plastic Bag","['Straw', 'Plastic Bag']"
881,"lorem ipsum Aluminium Foil, Straw, Can","['Aluminium Foil', 'Straw', 'Can']"
882,lorem ipsum Bottle Cap,['Bottle Cap']
883,lorem ipsum Cartoon,['Cartoon']
884,lorem ipsum Wrapper,['Wrapper']
885,lorem ipsum Paper,['Paper']
886,"lorem ipsum Aluminium Foil, Can, Bottle Cap","['Aluminium Foil', 'Can', 'Bottle Cap']"
887,"lorem ipsum Bottle Cap, Bottle, Plastic Bag","['Bottle Cap', 'Bottle', 'Plastic Bag']"
888,lorem ipsum Aluminium Foil,['Aluminium Foil']
889,"lorem ipsum Cartoon, Aluminium Foil, Straw","['Cartoon', 'Aluminium Foil', 'Straw']"
890,lorem ipsum Plastic Bag,['Plastic Bag']
891,"lorem ipsum Paper, Plastic Bag, Wrapper","['Paper', 'Plastic Bag', 'Wrapper']"
892,"lorem ipsum Bottle, Aluminium Foil, Cup","['Bottle', 'Aluminium Foil', 'Cup']"
893,lorem ipsum Cartoon,['Cartoon']
894,"lorem ipsum Aluminium Foil, Plastic Bag, Paper","['Aluminium Foil', 'Plastic Bag', 'Paper']"
895,"lorem ipsum Bottle Cap, Straw, Cup","['Bottle Cap', 'Straw', 'Cup']"
896,lorem ipsum Paper,['Paper']
897,"lorem ipsum Can, Bottle, Cup","['Can', 'Bottle', 'Cup']"
898,"lorem ipsum Bottle Cap, Bottle","['Bottle Cap', 'Bottle']"
899,lorem ipsum Bottle,['Bottle']
900,"lorem ipsum Aluminium Foil, Bottle","['Aluminium Foil', 'Bottle']"
901,"lorem ipsum Aluminium Foil, Bottle Cap, Straw","['Aluminium Foil', 'Bottle Cap', 'Straw']"
902,lorem ipsum Plastic Bag,['Plastic Bag']
903,"lorem ipsum Can, Wrapper, Straw","['Can', 'Wrapper', 'Straw']"
904,lorem ipsum Wrapper,['Wrapper']
905,"lorem ipsum Cartoon, Paper","['Cartoon', 'Paper']"
906,"lorem ipsum Bottle Cap, Plastic Bag, Bottle","['Bottle Cap', 'Plastic Bag', 'Bottle']"
907,"lorem ipsum Bottle, Bottle Cap","['Bottle', 'Bottle Cap']"
908,"lorem ipsum Aluminium Foil, Cup","['Aluminium Foil', 'Cup']"
909,"lorem ipsum Aluminium Foil, Bottle Cap, Wrapper","['Aluminium Foil', 'Bottle Cap', 'Wrapper']"
910,lorem ipsum Wrapper,['Wrapper']
911,"lorem ipsum Can, Paper","['Can', 'Paper']"
912,"lorem ipsum Can, Plastic Bag","['Can', 'Plastic Bag']"
913,"lorem ipsum Wrapper, Can, Aluminium Foil","['Wrapper', 'Can', 'Aluminium Foil']"
914,"lorem ipsum Aluminium Foil, Bottle Cap","['Aluminium Foil', 'Bottle Cap']"
915,"lorem ipsum Aluminium Foil, Bottle","['Aluminium Foil', 'Bottle']"
916,"lorem ipsum Bottle Cap, Bottle","['Bottle Cap', 'Bottle']"
917,"lorem ipsum Plastic Bag, Bottle, Can","['Plastic Bag', 'Bottle', 'Can']"
918,"lorem ipsum Cartoon, Paper, Bottle","['Cartoon', 'Paper', 'Bottle']"
919,"lorem ipsum Wrapper, Bottle Cap, Paper","['Wrapper', 'Bottle Cap', 'Paper']"
920,"lorem ipsum Bottle Cap, Plastic Bag, Paper","['Bottle Cap', 'Plastic Bag', 'Paper']"
921,"lorem ipsum Aluminium Foil, Cup","['Aluminium Foil', 'Cup']"
922,"lorem ipsum Bottle Cap, Wrapper, Aluminium Foil","['Bottle Cap', 'Wrapper', 'Aluminium Foil']"
923,lorem ipsum Bottle Cap,['Bottle Cap']
924,lorem ipsum Paper,['Paper']
925,"lorem ipsum Bottle, Cup","['Bottle', 'Cup']"
926,"lorem ipsum Bottle Cap, Bottle","['Bottle Cap', 'Bottle']"
927,"lorem ipsum Plastic Bag, Cartoon","['Plastic Bag', 'Cartoon']"
928,lorem ipsum Bottle Cap,['Bottle Cap']
929,"lorem ipsum Cup, Plastic Bag, Wrapper","['Cup', 'Plastic Bag', 'Wrapper']"
930,"lorem ipsum Cup, Aluminium Foil, Wrapper","['Cup', 'Aluminium Foil', 'Wrapper']"
931,"lorem ipsum Cup, Cartoon, Bottle Cap","['Cup', 'Cartoon', 'Bottle Cap']"
932,"lorem ipsum Aluminium Foil, Paper","['Aluminium Foil', 'Paper']"
933,"lorem ipsum Cup, Cartoon","['Cup', 'Cartoon']"
934,"lorem ipsum Cup, Plastic Bag","['Cup', 'Plastic Bag']"
935,"lorem ipsum Wrapper, Bottle, Cup","['Wrapper', 'Bottle', 'Cup']"
936,"lorem ipsum Cup, Aluminium Foil","['Cup', 'Aluminium Foil']"
937,"lorem ipsum Bottle, Cartoon","['Bottle', 'Cartoon']"
938,"lorem ipsum Straw, Bottle, Can","['Straw', 'Bottle', 'Can']"
939,"lorem ipsum Wrapper, Cup","['Wrapper', 'Cup']"
940,"lorem ipsum Cup, Aluminium Foil, Can","['Cup', 'Aluminium Foil', 'Can']"
941,lorem ipsum Bottle,['Bottle']
942,lorem ipsum Cartoon,['Cartoon']
943,"lorem ipsum Wrapper, Paper","['Wrapper', 'Paper']"
944,"lorem ipsum Cartoon, Cup, Bottle Cap","['Cartoon', 'Cup', 'Bottle Cap']"
945,"lorem ipsum Wrapper, Can, Cartoon","['Wrapper', 'Can', 'Cartoon']"
946,lorem ipsum Aluminium Foil,['Aluminium Foil']
947,lorem ipsum Plastic Bag,['Plastic Bag']
948,"lorem ipsum Straw, Bottle Cap, Wrapper","['Straw', 'Bottle Cap', 'Wrapper']"
949,"lorem ipsum Bottle Cap, Cartoon, Straw","['Bottle Cap', 'Cartoon', 'Straw']"
950,lorem ipsum Wrapper,['Wrapper']
951,"lorem ipsum Aluminium Foil, Cup","['Aluminium Foil', 'Cup']"
952,lorem ipsum Cup,['Cup']
953,"lorem ipsum Aluminium Foil, Wrapper","['Aluminium Foil', 'Wrapper']"
954,"lorem ipsum Wrapper, Bottle Cap","['Wrapper', 'Bottle Cap']"
955,"lorem ipsum Can, Bottle, Cup","['Can', 'Bottle', 'Cup']"
956,"lorem ipsum Plastic Bag, Cartoon","['Plastic Bag', 'Cartoon']"
957,"lorem ipsum Cup, Straw, Bottle Cap","['Cup', 'Straw', 'Bottle Cap']"
958,"lorem ipsum Cartoon, Bottle Cap","['Cartoon', 'Bottle Cap']"
959,"lorem ipsum Cup, Plastic Bag, Paper","['Cup', 'Plastic Bag', 'Paper']"
960,lorem ipsum Bottle Cap,['Bottle Cap']
961,"lorem ipsum Wrapper, Straw","['Wrapper', 'Straw']"
962,lorem ipsum Cup,['Cup']
963,"lorem ipsum Can, Paper","['Can', 'Paper']"
964,"lorem ipsum Paper, Wrapper, Straw","['Paper', 'Wrapper', 'Straw']"
965,lorem ipsum Bottle,['Bottle']
966,lorem ipsum Wrapper,['Wrapper']
967,"lorem ipsum Can, Bottle","['Can', 'Bottle']"
968,"lorem ipsum Plastic Bag, Wrapper, Bottle Cap","['Plastic Bag', 'Wrapper', 'Bottle Cap']"
969,lorem ipsum Aluminium Foil,['Aluminium Foil']
970,lorem ipsum Paper,['Paper']
971,"lorem ipsum Cup, Plastic Bag, Cartoon","['Cup', 'Plastic Bag', 'Cartoon']"
972,"lorem ipsum Bottle, Bottle Cap, Can","['Bottle', 'Bottle Cap', 'Can']"
973,lorem ipsum Aluminium Foil,['Aluminium Foil']
974,"lorem ipsum Cartoon, Wrapper, Can","['Cartoon', 'Wrapper', 'Can']"
975,"lorem ipsum Bottle, Bottle Cap","['Bottle', 'Bottle Cap']"
976,"lorem ipsum Paper, Bottle","['Paper', 'Bottle']"
977,"lorem ipsum Paper, Can, Wrapper","['Paper', 'Can', 'Wrapper']"
978,"lorem ipsum Straw, Can, Aluminium Foil","['Straw', 'Can', 'Aluminium Foil']"
979,lorem ipsum Plastic Bag,['Plastic Bag']
980,"lorem ipsum Cup, Wrapper","['Cup', 'Wrapper']"
981,lorem ipsum Bottle,['Bottle']
982,lorem ipsum Bottle,['Bottle']
983,"lorem ipsum Bottle Cap, Bottle, Aluminium Foil","['Bottle Cap', 'Bottle', 'Aluminium Foil']"
984,"lorem ipsum Cartoon, Bottle","['Cartoon', 'Bottle']"
985,lorem ipsum Plastic Bag,['Plastic Bag']
986,lorem ipsum Bottle,['Bottle']
987,"lorem ipsum Aluminium Foil, Straw, Cup","['Aluminium Foil', 'Straw', 'Cup']"
988,"lorem ipsum Straw, Bottle Cap, Can","['Straw', 'Bottle Cap', 'Can']"
989,"lorem ipsum Bottle, Wrapper, Plastic Bag","['Bottle', 'Wrapper', 'Plastic Bag']"
990,"lorem ipsum Bottle Cap, Cartoon","['Bottle Cap', 'Cartoon']"
991,"lorem ipsum Cartoon, Straw, Can","['Cartoon', 'Straw', 'Can']"
992,"lorem ipsum Plastic Bag, Wrapper","['Plastic Bag', 'Wrapper']"
993,"lorem ipsum Paper, Plastic Bag, Aluminium Foil","['Paper', 'Plastic Bag', 'Aluminium Foil']"
994,lorem ipsum Plastic Bag,['Plastic Bag']
995,"lorem ipsum Cartoon, Cup, Wrapper","['Cartoon', 'Cup', 'Wrapper']"
996,"lorem ipsum Can, Cup, Wrapper","['Can', 'Cup', 'Wrapper']"
997,"lorem ipsum Bottle Cap, Wrapper","['Bottle Cap', 'Wrapper']"
998,"lorem ipsum Paper, Aluminium Foil","['Paper', 'Aluminium Foil']"
999,lorem ipsum Cup,['Cup']
1000,"lorem ipsum Paper, Can","['Paper', 'Can']"
